smiles,ESPmin,ESPmax,dipole_moment,polarizability,idx,Cluster,PCA1,PCA2
O=[P-](=O)(C)F,-154.44984,-52.2394,6.219088,45.2467,0,0,-2.239912259260993,-0.557860240518838
O=[P-](=O)(F)F,-136.02051,-95.59406,2.902482,27.2347,1,3,-3.32383094794655,1.1583544806338868
O=[P-](=O)(C#N)F,-126.50601,-84.309,2.200574,45.9586,2,3,-2.603126513595306,1.2900916368159934
O=[P-](C)(C)(C)F,-184.52338,-50.69469,8.664862,84.7544,3,0,-2.4040541123312633,-1.989282785782158
O=[P-](=O)(O(C))F,-146.17689,-39.07953,5.986516,46.9216,4,0,-1.6654102565404385,-0.4717517499949354
O=[P-](=O)(CF)F,-155.38057,-30.84557,9.154557,59.754333,5,0,-1.47950475923312,-1.068398321858651
N#CP(=O)([O-])C#N,-119.48404,-70.05565,1.24958,64.8267,6,3,-1.844708989305196,1.2542654764964256
O=[P-](C)(C)(F)F,-168.83225,-50.59262,7.06526,64.2397,7,0,-2.2906604452627994,-1.2610105378068968
O=[P-](C)(F)(F)F,-151.67481,-49.52784,5.833965,43.7346,8,0,-2.1187301360493103,-0.4890710939526587
COP(=O)([O-])C#N,-137.4716,-34.35416,6.549867,66.345,9,0,-1.1472102684072056,-0.24437152303235718
O=[P-](F)(F)(F)F,-140.83543,-95.19413,2.870593,27.0975,10,3,-3.412299275561193,0.9433975241273715
N#COP(=O)([O-])F,-126.33221,-67.35952,2.382575,49.157,11,3,-2.0675766231166066,0.9470401261308643
CCOP(=O)([O-])F,-148.34378,-31.56142,9.222316,63.198333,12,0,-1.3206131783125101,-0.7602804475293987
O=[P-](=O)(N(=O)=O)F,-129.61872,-72.96971,2.19961,48.562,13,3,-2.306331811969809,0.9203576212654153
O=[P-](=O)(CF)CF,-156.544,-40.34685,8.272202,62.315333,14,0,-1.7566709358129424,-0.933636371861575
F[P-](F)(C)(C)(C)C,-159.8649,-61.57259,5.387524,104.546423,15,0,-2.013960814852856,-0.7613842711552906
O=[P-](C#N)(F)(F)F,-130.63994,-75.27438,2.481749,43.8071,16,3,-2.4442016996668294,0.9356271336909465
O=[P-](=O)(O(CF))F,-137.41625,-45.89133,5.43254,46.257333,17,0,-1.692986668823951,0.04455692556191349
O=[P-](=O)(C(F)F)F,-140.09084,-39.53513,6.300812,43.654,18,0,-1.5876217963684776,-0.19184216364687715
F[P-](F)(F)(C)(C)C,-161.79277,-58.0638,5.761373,81.8616,19,0,-2.184297509243574,-0.8544354264549001
CCOP(=O)([O-])C#N,-144.74262,-36.94668,7.886953,80.898667,20,0,-1.2226044765994881,-0.5440009607891476
O=[P-](O(C))(F)(F)F,-151.05372,-39.1498,6.619176,45.9467,21,0,-1.7776351067202862,-0.6776444172265723
O=[P-](CF)(F)(F)F,-142.89062,-52.06618,4.065514,43.913667,22,0,-2.0113138079514328,-0.060227100040615544
O=[P-](C#N)(C#N)(F)F,-120.00576,-68.38347,2.483354,60.7968,23,3,-1.8477702281808177,1.2088584252231254
F[P-](F)(F)(F)(C)C,-147.13386,-56.2637,4.574918,60.4563,24,0,-2.0512905905814534,-0.2024696350256075
C=CCOP(=O)([O-])F,-147.08203,-24.57077,10.766211,77.372667,25,0,-0.9426639377341974,-0.8849554762293871
F[P-](F)(F)(F)(F)C,-133.87282,-61.37791,3.410825,41.2807,26,3,-2.1275214482192397,0.5228592445565964
CCCOP(=O)([O-])F,-148.71009,-31.71285,10.362587,79.79,27,0,-1.1613957560381363,-0.8174075963453203
CC(C)OP(=O)([O-])F,-148.41687,-28.64237,11.531821,78.774667,28,0,-1.0754608087108724,-0.8640177857913408
O=[P-](C#N)(C#N)(C#N)F,-118.86886,-59.53157,1.556551,80.8261,29,3,-1.3571776491354275,1.0255835870039414
F[P-](F)(F)(F)(F)F,-118.73556,-105.86898,0.0,24.1165,30,3,-3.3037174515911523,2.1180273934617433
N#COP(=O)([O-])OC#N,-113.61971,-55.07444,3.3646,71.285667,31,3,-1.2166626195536607,1.1871426176006157
O=[P-](O(C))(O(C))(F)F,-160.03427,-44.66918,7.399049,66.3236,32,0,-1.9141977483507568,-1.0073959543771853
CCOP(=O)([O-])CC#N,-138.66515,-29.17343,8.994778,82.806,33,0,-0.8493449825687961,-0.44433796043158125
O=[P-](=O)(O(C(F)F))F,-132.5416,-43.90579,6.166784,45.856333,34,0,-1.5386189270939103,0.2153966861828526
O=[P-](N(=O)=O)(F)(F)F,-140.98205,-80.5365,2.850501,46.828,35,3,-2.7802172161874963,0.5885384914744279
O=[P-](=O)(C(F)(F)F)F,-132.18241,-68.42321,5.400828,43.0084,36,3,-2.282408123879641,0.7331421189566574
O=[P-](CF)(CF)(F)F,-149.09951,-52.54834,5.495113,59.874667,37,0,-1.9882592285548921,-0.3604835135765432
O=[P-](C#N)(C#N)(C#N)C#N,-112.72774,-48.04874,0.006773,102.546667,38,3,-0.6689698991377676,1.0001035979391042
F[P-](F)(F)(F)(F)C#N,-109.50146,-98.26335,1.878862,40.0807,39,3,-2.725562959518442,2.3193181849951627
O=[P-](O(CF))(F)(F)F,-144.56785,-33.2798,6.345349,45.209333,40,0,-1.4793117900483794,-0.5149226529156482
O=[P-](C(F)F)(F)(F)F,-142.86774,-43.00665,6.192039,43.071,41,0,-1.7528323980479403,-0.23977049559264657
CCCCOP(=O)([O-])F,-148.54172,-25.21389,13.980239,94.503667,42,0,-0.8147983185283082,-0.9806699783434283
F[P-](F)(F)(F)(F)O(C),-130.86112,-46.16014,4.129,43.377,43,0,-1.5960755097514396,0.33985243283544786
COCCOP(=O)([O-])F,-146.53286,-21.80027,13.720773,82.074,44,0,-0.801321873614556,-0.9297992287785976
F[P-](F)(F)(F)(C#N)C#N,-101.77665,-85.52819,2.527613,56.9682,45,3,-2.017850086731885,2.34967810154835
O=[P-](=O)(O(CF))O(CF),-137.05323,-49.12933,1.3353,65.449333,46,0,-1.5828358697729221,0.07413669653524829
O=[P-](=O)(C(F)F)C(F)F,-144.75894,-41.63515,7.6627,60.290333,47,0,-1.5736030442967661,-0.3949422805920906
O=[P-](CF)(CF)(CF)F,-158.68511,-50.66668,5.312999,78.89,48,0,-1.933407619631763,-0.8619567490214259
F[P-](F)(F)(C#N)(C#N)C#N,-98.02406,-72.92323,2.889224,74.783,49,3,-1.3859321907972235,2.20920081326673
O=[P-](=O)(O(C(F)(F)F))F,-129.98128,-61.5095,6.473833,45.2138,50,3,-2.0109394166990398,0.6824945038588143
F[P-](F)(F)(F)(O(C))O(C),-141.58986,-46.54958,5.900927,63.5253,51,0,-1.6198565114586216,-0.16803799609027098
O=[P-](O(C(F)F))(F)(F)F,-135.39086,-50.35206,3.477747,45.543,52,0,-1.7901069239533112,0.22364998869709776
CCOCCOP(=O)([O-])F,-146.70495,-17.10834,16.169406,98.123,53,0,-0.5011320826700146,-1.0748326761003504
O=[P-](C(F)(F)F)(F)(F)F,-136.0228,-71.42318,3.939241,42.747,54,3,-2.452246479278972,0.6290616700335752
FC[P-](F)(F)(F)(F)CF,-132.31346,-61.63204,2.9464,57.177,55,3,-1.938977861349462,0.5525548994351049
N#C[P-](F)(F)(C#N)(C#N)C#N,-94.44496,-65.68699,2.274705,93.1212,56,3,-0.9102262243015881,2.1681733119140647
O=P([O-])(F)Oc1ccccc1,-143.2104,-22.31504,12.791002,117.853333,57,2,-0.37910920027448214,-0.8721789300543
O=[P-](N(=O)=O)(N(=O)=O)(F)F,-131.7545,-65.57078,2.538849,71.031,58,3,-1.9005125497424697,0.6189963081919292
O=[P-](CF)(CF)(CF)CF,-158.45172,-50.56187,4.687675,100.675,59,0,-1.7007526439691134,-0.9123422538608551
F[P-](C#N)(C#N)(C#N)(C#N)C#N,-91.20751,-58.80959,1.52302,112.7,60,3,-0.43929604748711704,2.116358604763863
O=P([O-])(F)OCC(F)(F)F,-141.49673,-28.13728,10.266769,59.522667,61,0,-1.1171986798829705,-0.5247988945442417
F[P-](F)(F)(O(C))(O(C))O(C),-146.91999,-46.40184,7.029258,84.5097,62,0,-1.5083897449950194,-0.4566248193326444
O=P([O-])(F)OP(=O)(F)F,-127.985,-45.51593,6.169548,54.553,63,0,-1.40276323623748,0.42073834543582134
O=[P-](O(CF))(O(CF))(F)F,-151.34688,-35.20686,6.88829,64.492,64,0,-1.4762230521631605,-0.8194601439459888
CCCCCCOP(=O)([O-])F,-147.41374,-21.82037,17.074811,125.330333,65,2,-0.3736719195068547,-1.0831049706271303
O=[P-](C(F)F)(C(F)F)(F)F,-148.22373,-30.50324,7.947605,58.329,66,0,-1.3372391460522723,-0.7634278025877456
FC[P-](F)(F)(F)(CF)CF,-139.63689,-45.5235,5.011867,75.006333,67,0,-1.431102567996639,-0.13540962894612324
O=[P-](O(C(F)(F)F))(F)(F)F,-133.31689,-76.62399,3.864469,98.3997,68,3,-1.9755876434359174,0.7014882582296528
O=P([O-])(ON=NF)ON=NF,-125.84056,-61.89743,3.9919,80.599333,69,3,-1.5722611057194547,0.7738313721134552
O=P([O-])(F)OCc1ccccc1,-145.67092,-16.71512,15.815585,134.104333,70,2,-0.09707462859282598,-1.134576689596699
COP(=O)([O-])OCC(F)(F)F,-150.42675,-33.80318,9.020603,80.006667,71,0,-1.2559325775036554,-0.8497059279638582
F[P-](F)(O(C))(O(C))(O(C))O(C),-158.41884,-49.85292,5.317806,106.539,72,0,-1.6187016195139967,-0.9409281856018605
N#CP(=O)([O-])OCc1ccccc1,-137.07262,-15.59331,16.165843,154.005333,73,2,0.31777090442235445,-0.8403752814114038
O=[P-](=O)(O(C(F)F))O(C(F)F),-130.88375,-40.27183,7.022805,64.554333,74,0,-1.2046829360736229,0.16338616994296584
O=P([O-])(F)OOP(=O)(F)F,-126.9056,-32.09157,6.969192,62.532667,75,0,-0.9030696161765366,0.17499110670070844
N#CCCOP(=O)([O-])n1ccnc1,-135.70466,-20.14945,6.669333,139.591333,76,2,0.06299398395844936,-0.6509828099431636
O=[P-](=O)(C(F)(F)F)C(F)(F)F,-130.44181,-66.01119,5.595646,58.8556,77,3,-2.0121615289407466,0.7169786466600594
FC[P-](F)(F)(CF)(CF)CF,-140.7496,-53.15126,3.797316,75.02,78,0,-1.6783560960876265,-0.029445345788943676
CC1(C)O[P-](F)(F)(=O)OC1(C)C,-159.28165,-26.64632,13.252097,127.949,79,2,-0.7323142360335186,-1.5035941057681226
N#CCCOP(=O)([O-])OCCC#N,-143.58527,-5.65999,10.96423,128.758667,80,2,0.2160320684152655,-1.2535381720029775
O=[P-](N(=O)=O)(N(=O)=O)(N(=O)=O)F,-118.74491,-62.67156,1.821413,94.746667,81,3,-1.3034394216809058,1.057006574186334
C(F)O[P-](F)(F)(F)(F)O(CF),-123.65072,-42.20548,3.711903,61.687,82,0,-1.1427355007398081,0.5214162852031243
F[P-](O(C))(O(C))(O(C))(O(C))O(C),-158.11331,-52.82667,4.05523,129.313,83,0,-1.4649921430070565,-0.9287432900854312
CCOP(=O)([O-])OCC(F)(F)F,-144.79268,-33.9941,5.080242,95.577333,84,0,-0.9852545140536928,-0.6450204863948341
FC(F)[P-](F)(F)(F)(F)C(F)F,-125.13455,-50.62981,3.821683,55.191667,85,3,-1.4882170659185472,0.6449015989368656
O=[P-](O(CF))(O(CF))(O(CF))F,-144.22717,-39.19049,1.913653,85.962,86,0,-1.2258373021917133,-0.49009708961355697
FC[P-](F)(CF)(CF)(CF)CF,-123.48542,-46.28066,3.256767,114.658,87,0,-0.7127549212095478,0.46895202166495553
CC1(C)O[P-](F)(F)(C)(C)OC1(C)C,-133.15418,-41.16115,5.516522,167.508,88,2,-0.21518165639420295,-0.19200042731955014
COCCOCCOOP(=O)([O-])F,-144.32301,-10.76885,22.049492,124.663667,89,2,0.008236033517744844,-1.1712559360473085
O=[P-](O(C(F)F))(O(C(F)F))(F)F,-130.83996,-32.79001,5.022169,63.563667,90,0,-0.9937461367379753,0.01697070802360202
O=[P-](C(F)F)(C(F)F)(C(F)F)F,-134.78837,-48.13822,1.149358,76.336333,91,0,-1.3948391418807435,0.12248591583876346
CC1(C)O[P-](F)(F)(F)(C)OC1(C)C,-147.25449,-35.34533,8.495447,144.566,92,2,-0.5700941551235184,-0.8548647499228615
O=[P-](C(F)(F)F)(C(F)(F)F)(F)F,-128.03923,-74.58221,3.09719,56.2067,93,3,-2.2425051258343953,1.0004150596207608
N#CC1(C#N)O[P-](=O)(=O)OC1(C#N)C#N,-118.18092,-13.81537,5.956836,129.612,94,1,0.5061728472653197,0.0022342344794915735
CC1(C)O[P-](F)(F)(F)(F)OC1(C)C,-138.30859,-30.39293,10.844493,124.295,95,0,-0.44984153355976153,-0.5154488661505898
O=P([O-])(OCC(F)F)OCC(F)F,-130.86968,-40.26818,7.022481,64.554333,96,0,-1.2042866953985463,0.16391816252874894
FC[P-](CF)(CF)(CF)(CF)CF,-114.06357,-44.73454,3.872703,136.315667,97,1,-0.25038919173106894,0.7853393267873745
CC1(C)O[P-](F)(F)(F)(C#N)OC1(C)C,-127.40016,-25.71147,12.971972,141.908,98,2,0.09360545052125359,-0.18750357952313826
O=P([O-])(OCC(F)(F)F)C(F)(F)F,-133.92699,-38.81169,7.487518,75.358,99,0,-1.1126870072525474,-0.02598855106948334
O=[P-](=O)(O(C(F)(F)F))O(C(F)(F)F),-126.04113,-58.81697,6.076559,63.2216,100,3,-1.6649957566424136,0.7495659982825096
C(F)O[P-](F)(F)(F)(O(CF))O(CF),-130.60589,-38.70201,4.754579,81.401667,101,0,-0.9789334715764466,0.09857478363965343
CC1(C)O[P-](F)(F)(F)(O(C))OC1(C)C,-145.29898,-34.40773,7.176172,145.529,102,2,-0.49241864596457346,-0.7921858109596264
CC1(C)O[P-](F)(F)(F)(CF)OC1(C)C,-147.66605,-29.1783,11.988072,142.582,103,2,-0.41745925050523963,-0.991694336407977
CC1(C)O[P-](F)(F)(C#N)(C#N)OC1(C)C,-114.40489,-21.55017,14.714931,160.506,104,1,0.6747350154071255,0.23812636798400355
CCCCCCCCCCOP(=O)([O-])F,-147.64705,-16.1049,26.127731,188.203667,105,2,0.4385303065781573,-1.3767700560073675
FC(F)[P-](F)(F)(F)(C(F)F)C(F)F,-126.28429,-47.54702,4.082957,71.691667,106,0,-1.2508121218068888,0.48904432723386254
O=[P-](O(CF))(O(CF))(O(CF))O(CF),-132.8093,-39.83261,2.987476,106.846333,107,0,-0.7949028413720681,-0.04157248504999438
CC1(C)O[P-](F)(C#N)(C#N)(C#N)OC1(C)C,-109.65176,-18.52457,15.214084,180.291,108,1,1.065507738821235,0.32871466221036477
FC(F)(F)[P-](F)(F)(F)(F)C(F)(F)F,-113.98335,-74.94273,2.551966,53.9541,109,3,-1.9878637646512438,1.618745700678623
N#CC1(C#N)O[P-](F)(F)(=O)OC1(C#N)C#N,-122.93203,-15.24613,4.249898,128.23,110,1,0.35227600412741344,-0.16970802572343133
COCCOCCOCCOP(=O)([O-])F,-145.74484,-7.08064,28.203561,151.234,111,2,0.3617858593908028,-1.3779976523130015
CCC(C)(C)c1ccc(OP(=O)([O-])F)cc1,-146.23848,-20.24317,20.414478,202.360333,112,2,0.49168278460053166,-1.2705422265728192
CC1(C)O[P-](F)(F)(O(C))(O(C))OC1(C)C,-149.11589,-36.90152,5.547826,167.879,113,2,-0.4135675190436911,-0.9659974245431874
CC1(C)O[P-](F)(F)(F)(N(=O)=O)OC1(C)C,-139.10729,-24.49584,11.464165,144.563667,114,2,-0.0834950170282648,-0.7230652938788871
O=[P-](C(F)F)(C(F)F)(C(F)F)C(F)F,-146.77314,-44.96473,5.280324,95.251333,115,0,-1.3522351935959205,-0.5080533529317179
FCC1(CF)O[P-](=O)(=O)OC1(CF)CF,-147.28726,-4.99548,14.485406,120.312333,116,2,0.072461509633919,-1.4036848705557008
CC1(C)O[P-](F)(F)(CF)(CF)OC1(C)C,-128.78568,-34.94895,7.5812,162.021,117,2,0.0007496893256559524,-0.11460929606828148
CC1(C)O[P-](C#N)(C#N)(C#N)(C#N)OC1(C)C,-106.5371,-15.18955,15.448635,201.138,118,4,1.442717727582559,0.3396902906451659
CC1(C)O[P-](F)(F)(F)(O(CF))OC1(C)C,-142.13111,-32.41732,8.246505,144.644,119,2,-0.3779331839345762,-0.6936159737834753
O=[P-](O(C(F)(F)F))(O(C(F)(F)F))(F)F,-131.08202,-54.27747,3.063749,44.5048,120,3,-1.8279415271629067,0.4910991795701735
CC1(C)O[P-](F)(F)(F)(C(F)F)OC1(C)C,-139.77418,-28.98507,10.517242,143.497333,121,2,-0.24034538116746382,-0.6583424832287726
N#CC1(C#N)O[P-](F)(C)(C)(C)OC1(C#N)C#N,-115.01988,-31.56615,8.332405,189.906,122,1,0.6705997786451772,0.33503388620140984
N#CC1(C#N)O[P-](F)(F)(C)(C)OC1(C#N)C#N,-105.21383,-38.77533,5.64658,165.798,123,1,0.4108878103697109,0.9671164079341038
CC1(C)O[P-](F)(O(C))(O(C))(O(C))OC1(C)C,-156.46451,-39.69907,4.323146,191.432,124,2,-0.40373468845941596,-1.2889210634354802
O=P([O-])(OCC(F)(F)F)OCC(F)(F)F,-148.29546,-24.1765,7.301471,92.068333,125,0,-0.8043317000354002,-0.9844808983657384
COP(=O)([O-])OC(C(F)(F)F)C(F)(F)F,-134.78348,-43.76765,3.7686,91.759,126,0,-1.1069400010876198,-0.0067691618735025195
N#CC1(C#N)O[P-](F)(F)(F)(C)OC1(C#N)C#N,-106.45098,-31.7181,3.276351,143.561,127,1,0.363812525984433,0.8310051714333209
C(F)O[P-](F)(F)(O(CF))(O(CF))O(CF),-127.31999,-38.91513,3.329848,101.174,128,0,-0.713752128090142,0.19138500215647136
CC1(C)O[P-](F)(CF)(CF)(CF)OC1(C)C,-153.5863,-29.31492,11.989812,182.296667,129,2,-0.13321591858103676,-1.3500849835538273
O=P([O-])(F)OC(F)(C(F)(F)F)C(F)(F)F,-131.54905,-40.78844,10.315814,72.064,130,0,-1.156061636254177,0.12506891985747512
O=[P-](O(C(F)F))(O(C(F)F))(O(C(F)F))F,-139.85611,-22.79504,6.292753,82.446333,131,0,-0.6897250089630558,-0.623328950270512
N#CC1(C#N)O[P-](F)(F)(F)(F)OC1(C#N)C#N,-98.24843,-21.23002,1.350108,123.724,132,1,0.6362526202966097,1.0255749886692407
CC1(C)O[P-](F)(F)(F)(O(C(F)F))OC1(C)C,-139.77416,-28.98512,10.517242,143.497333,133,2,-0.24034644263343136,-0.6583406135468496
O=[P-](C(F)(F)F)(C(F)(F)F)(C(F)(F)F)F,-136.2142,-53.59935,5.223944,74.0506,134,0,-1.6084606956234746,0.1774138083561797
FC(F)[P-](F)(F)(C(F)F)(C(F)F)C(F)F,-117.36551,-50.07094,1.500627,88.621,135,3,-0.9673784376549672,0.8785513777826971
FCC1(CF)O[P-](F)(F)(=O)OC1(CF)CF,-155.51143,-13.54095,14.772984,119.376333,136,2,-0.35757041823024993,-1.5827712353460168
CC1(C)O[P-](F)(F)(F)(C(F)(F)F)OC1(C)C,-132.72234,-28.92318,9.116511,139.847,137,2,-0.13144856193657448,-0.3462773228074817
N#CC1(C#N)O[P-](F)(F)(F)(C#N)OC1(C#N)C#N,-94.75468,-15.91506,3.344715,140.974,138,1,1.0424174588337227,1.0225502079085522
CCOP(=O)([O-])OC(C(F)(F)F)C(F)(F)F,-141.64432,-35.44035,7.580462,108.745,139,0,-0.8273460941171337,-0.5155708539402252
CC1(C)O[P-](F)(F)(N(=O)=O)(N(=O)=O)OC1(C)C,-128.24095,-17.19226,13.9122,167.342667,140,2,0.5895846618511084,-0.4636643707014359
N#CC1(C#N)O[P-](F)(F)(F)(O(C))OC1(C#N)C#N,-108.81004,-28.04711,3.706488,144.839,141,1,0.4366507334057567,0.651974289354141
CC1(C)O[P-](CF)(CF)(CF)(CF)OC1(C)C,-142.67137,-35.18103,5.522863,207.798,142,2,0.1812434387818309,-0.8301699174135958
FCC1(CF)O[P-](C)(C)(C)(C)OC1(CF)CF,-127.84494,-39.06177,4.938466,203.988,143,2,0.33199808258372654,-0.10347881972108011
N#CC1(C#N)O[P-](F)(F)(F)(CF)OC1(C#N)C#N,-105.74133,-18.79668,3.82613,142.485333,144,1,0.7476772522296975,0.6037300569311767
N#CC1(C#N)O[P-](F)(F)(C#N)(C#N)OC1(C#N)C#N,-91.52567,-11.0808,4.407759,159.465,145,4,1.4418017379528094,1.0145063276289892
CC1(C)O[P-](F)(F)(O(CF))(O(CF))OC1(C)C,-149.01122,-29.81572,8.922043,164.698,146,2,-0.23563973390164322,-1.0959389120692242
FCC1(CF)O[P-](F)(C)(C)(C)OC1(CF)CF,-164.4714,-34.21172,9.066291,181.18,147,2,-0.5123132393497073,-1.7168409596797962
FCC1(CF)O[P-](F)(F)(C)(C)OC1(CF)CF,-139.6593,-29.28293,6.596377,157.397,148,2,-0.10333856062789955,-0.6845964423262325
CC1(C)O[P-](F)(F)(C(F)F)(C(F)F)OC1(C)C,-130.01432,-33.75688,4.8131,158.544,149,2,-0.025250358265846512,-0.18223872062417665
N#CC1(C#N)O[P-](F)(C#N)(C#N)(C#N)OC1(C#N)C#N,-93.43296,-5.9434,4.72211,179.024,150,4,1.7557072588661653,0.7763984682004386
CC1(C)O[P-](F)(F)(F)(O(C(F)(F)F))OC1(C)C,-131.51147,-26.16942,9.178319,142.132,151,2,-0.0019497895952535762,-0.3558324954346391
FCC1(CF)O[P-](F)(F)(F)(C)OC1(CF)CF,-136.48952,-23.241,8.16233,135.161,152,2,-0.08984092415811619,-0.6105321713945591
N#CC1(C#N)O[P-](F)(F)(O(C))(O(C))OC1(C#N)C#N,-109.59836,-32.98717,6.227468,166.863,153,1,0.5022835103173355,0.6587548198552093
N#CC1(C#N)O[P-](F)(F)(F)(N(=O)=O)OC1(C#N)C#N,-102.25482,-9.99484,2.679128,144.803,154,1,1.102272078261731,0.5700156182047079
FC(F)(F)[P-](F)(F)(F)(C(F)(F)F)C(F)(F)F,-109.72487,-72.47099,1.398962,69.2048,155,3,-1.6703342268979526,1.7113547225994383
C(F)O[P-](F)(O(CF))(O(CF))(O(CF))O(CF),-139.55276,-13.72991,12.209906,115.843667,156,2,-0.07203143826913333,-0.8825708833630417
FCC1(CF)O[P-](F)(F)(F)(F)OC1(CF)CF,-127.47855,-39.56043,2.907087,121.561667,157,0,-0.5256424486751233,0.14300294811110034
N#CC1(C#N)O[P-](F)(F)(CF)(CF)OC1(C#N)C#N,-109.63705,-19.85955,5.809601,161.155333,158,1,0.8290656388383869,0.407507156915237
N#CC1(C#N)O[P-](C#N)(C#N)(C#N)(C#N)OC1(C#N)C#N,-90.60128,3.47352,4.324275,199.125,159,4,2.2984588577227623,0.6544826867086442
N#CC1(C#N)O[P-](F)(F)(F)(O(CF))OC1(C#N)C#N,-105.04249,-27.34412,2.767841,142.099,160,1,0.5064038456693468,0.8072975328707517
N#CC1(C#N)O[P-](F)(F)(F)(C(F)F)OC1(C#N)C#N,-100.81007,-25.12402,2.218103,140.72,161,1,0.6444040187844653,0.9483784814408214
O=P([O-])(C(F)(F)C(F)(F)F)C(F)(F)C(F)(F)F,-127.46412,-52.63336,4.895,86.013333,162,3,-1.276994686362279,0.5025425144294942
CC1(C)O[P-]2(F)(F)(OC1(C)C)OC(C)(C)C(C)(C)O2,-150.52057,-36.10054,8.204335,229.785,163,2,0.21993199686543347,-1.208339753344314
FCC1(CF)O[P-](F)(F)(F)(C#N)OC1(CF)CF,-128.41055,-12.60561,13.713679,133.049667,164,2,0.36729402619866847,-0.47170432437404053
N#CC1(C#N)O[P-](F)(O(C))(O(C))(O(C))OC1(C#N)C#N,-124.84786,-32.46053,7.098974,189.947,165,2,0.44297332293726926,-0.07007035944357856
CC1(C)O[P-](F)(N(=O)=O)(N(=O)=O)(N(=O)=O)OC1(C)C,-125.63316,-13.23399,14.277394,194.716667,166,2,1.042085220362141,-0.5045536170349834
FC(F)[P-](F)(C(F)F)(C(F)F)(C(F)F)C(F)F,-117.35016,-42.15895,3.667231,124.097333,167,1,-0.368092491123686,0.6246129354972001
FCC1(CF)O[P-](F)(F)(F)(O(C))OC1(CF)CF,-136.797,-32.83384,6.80583,136.414667,168,2,-0.36562331979255797,-0.4335794287741994
CC1(C)O[P-]2(F)(C#N)(OC1(C)C)OC(C)(C)C(C)(C)O2,-140.42645,-31.65721,11.441704,249.048,169,2,0.7566796707090955,-0.9150584010308436
FCC1(CF)O[P-](F)(F)(F)(CF)OC1(CF)CF,-135.9018,-26.10003,7.361278,133.592,170,2,-0.17813493115777146,-0.5233505599307312
FCC1(CF)O[P-](F)(F)(C#N)(C#N)OC1(CF)CF,-111.76528,-6.87778,14.536245,151.379667,171,1,1.066692288653,0.08014893681293905
N#CC1(C#N)O[P-](F)(CF)(CF)(CF)OC1(C#N)C#N,-106.56525,-25.59097,6.999043,182.113,172,1,0.9396278763855177,0.5992650848194707
CC1(C)O[P-](F)(O(CF))(O(CF))(O(CF))OC1(C)C,-153.18008,-27.68518,10.201396,185.626667,173,2,-0.04254062361099341,-1.3743951240557555
O=[P-](O(C(F)F))(O(C(F)F))(O(C(F)F))O(C(F)F),-129.80924,-30.78683,2.955914,101.589667,174,0,-0.5212634645202259,-0.0808715845530591
N#CC1(C#N)O[P-](F)(F)(F)(O(C(F)F))OC1(C#N)C#N,-103.0935,-20.80273,3.045094,142.393667,175,1,0.7420214490534132,0.7584234956615887
N#CC1(C#N)O[P-](O(C))(O(C))(O(C))(O(C))OC1(C#N)C#N,-125.03237,-32.22815,8.730568,213.36,176,2,0.6876042795197379,-0.14537599999920497
CC1(C)O[P-]2(F)(CF)(OC1(C)C)OC(C)(C)C(C)(C)O2,-148.82847,-37.37332,5.803047,250.279667,177,2,0.4286579640836539,-1.1646877468591021
CC1(C)O[P-]2(C#N)(C#N)(OC1(C)C)OC(C)(C)C(C)(C)O2,-129.25309,-28.31945,13.798463,269.13,178,2,1.2914820314479212,-0.5552083800149347
FCC1(CF)O[P-](F)(C#N)(C#N)(C#N)OC1(CF)CF,-106.12631,-22.12063,12.638097,170.815,179,1,0.9342280873565346,0.5783858131066458
N#CC1(C#N)O[P-](F)(F)(F)(C(F)(F)F)OC1(C#N)C#N,-94.7168,-20.73479,1.215176,139.489,180,1,0.8859829948856385,1.125398283185949
FCC1(CF)O[P-](F)(F)(O(C))(O(C))OC1(CF)CF,-146.33585,-25.03705,8.574796,158.394333,181,2,-0.10508851400815691,-1.0603186311276398
CC1(C)O[P-](F)(F)(O(C(F)F))(O(C(F)F))OC1(C)C,-140.66044,-26.6678,8.731448,162.187,182,2,0.0025242332864043623,-0.793274970864129
CC1(C)O[P-](F)(C(F)F)(C(F)F)(C(F)F)OC1(C)C,-127.63974,-26.57926,7.072182,181.595,183,2,0.4726340591407846,-0.2865471926844941
O=[P-](O(C(F)(F)F))(O(C(F)(F)F))(O(C(F)(F)F))F,-128.93074,-52.0042,4.676221,62.4105,184,3,-1.5321106791782328,0.48990211279295676
N#CC1(C#N)O[P-](F)(F)(N(=O)=O)(N(=O)=O)OC1(C#N)C#N,-95.80839,-6.12902,4.0232,168.020333,185,4,1.5879503866521862,0.7073506688132868
FCC1(CF)O[P-](F)(F)(F)(N(=O)=O)OC1(CF)CF,-136.3962,-6.71355,13.810077,136.444333,186,2,0.4118730409552264,-0.9434065593590142
O=[P-](C(F)(F)F)(C(F)(F)F)(C(F)(F)F)C(F)(F)F,-127.49048,-57.61755,4.673578,90.8609,187,3,-1.374249415542378,0.5889916818183935
FC(F)C1(C(F)F)O[P-](=O)(=O)OC1(C(F)F)C(F)F,-145.67938,-4.99408,16.010478,115.841667,188,2,0.05937586989083034,-1.3225352276255615
CC1(C)O[P-](F)(F)(C(F)(F)F)(C(F)(F)F)OC1(C)C,-121.30636,-27.74248,8.018922,155.875,189,1,0.3030017335223494,0.07838900675531182
FCC1(CF)O[P-](F)(F)(CF)(CF)OC1(CF)CF,-133.94887,-23.21224,8.694008,152.862,190,2,0.145792774542284,-0.5491361054280516
N#CC1(C#N)O[P-](CF)(CF)(CF)(CF)OC1(C#N)C#N,-100.61419,-12.57121,9.99296,205.242,191,4,1.6837131361391873,0.5308248779183028
FCC1(CF)O[P-](C#N)(C#N)(C#N)(C#N)OC1(CF)CF,-108.89071,-0.56214,15.30018,191.568,192,4,1.7262870615111858,-0.031122067823627895
O=P([O-])(OCC(F)(F)C(F)F)OCC(F)(F)C(F)F,-134.25174,-14.94464,9.401093,90.375667,193,0,-0.261769246941993,-0.561707317254985
FCC1(CF)O[P-](F)(F)(F)(O(CF))OC1(CF)CF,-141.03286,-18.5939,10.838416,135.251,194,2,-0.04535696137422214,-0.9000977358390077
C(F)O[P-](O(CF))(O(CF))(O(CF))(O(CF))O(CF),-134.7482,-39.90815,3.925833,142.549667,195,2,-0.4685332466937616,-0.2190826232111808
N#CC1(C#N)O[P-](F)(F)(O(CF))(O(CF))OC1(C#N)C#N,-110.69145,-19.22549,6.960301,163.779,196,1,0.8531615261338317,0.3423050500088429
CC1(C)O[P-]2(F)(N(=O)=O)(OC1(C)C)OC(C)(C)C(C)(C)O2,-154.28559,-28.72166,11.600185,250.444667,197,2,0.5730519862930066,-1.5745827163492567
CC1(C)O[P-]2(CF)(CF)(OC1(C)C)OC(C)(C)C(C)(C)O2,-159.75749,-30.99997,8.960142,272.422,198,2,0.6204327833242688,-1.8229822581757142
N#CC1(C#N)O[P-](F)(F)(C(F)F)(C(F)F)OC1(C#N)C#N,-99.84245,-30.99184,4.905099,151.385667,199,1,0.6015688295814994,1.0798662582397647
FCC1(CF)O[P-](F)(O(C))(O(C))(O(C))OC1(CF)CF,-148.68139,-11.48619,7.205789,181.431333,200,2,0.48339477790000857,-1.4963500518873656
CC1(C)O[P-]2(F)(O(CF))(OC1(C)C)OC(C)(C)C(C)(C)O2,-155.67027,-33.79854,7.742842,250.844,201,2,0.39929179251181157,-1.5328238738049083
O=P([O-])(OC(F)(F)C(F)(F)F)OC(F)(F)C(F)(F)F,-127.40736,-39.28921,7.4077,89.999,202,0,-0.8418624700778508,0.22508634213961717
N#CC1(C#N)O[P-](F)(F)(F)(O(C(F)(F)F))OC1(C#N)C#N,-95.16605,-17.66481,1.407631,141.462,203,1,0.9874978282558589,1.0388394446358626
CC1(C)O[P-]2(F)(C(F)F)(OC1(C)C)OC(C)(C)C(C)(C)O2,-144.75759,-34.44192,7.195099,247.978667,204,2,0.5747694614311699,-1.0424431614568466
FC(F)[P-](C(F)F)(C(F)F)(C(F)F)(C(F)F)C(F)F,-118.06688,-30.68033,4.297031,124.303,205,1,-0.04275822102796817,0.36162031283983326
FCC1(CF)O[P-](F)(CF)(CF)(CF)OC1(CF)CF,-157.20585,-29.63348,7.388626,172.31,206,2,-0.3199285763194862,-1.4727254283030389
FCC1(CF)O[P-](O(C))(O(C))(O(C))(O(C))OC1(CF)CF,-161.75989,-30.35662,7.663356,204.251333,207,2,-0.10511628991927603,-1.73966614185147
FC(F)(F)[P-](F)(F)(C(F)(F)F)(C(F)(F)F)C(F)(F)F,-107.07667,-69.64458,1.937818,86.8038,208,3,-1.3511845632176818,1.7212082015553811
FC(F)C1(C(F)F)O[P-](F)(F)(=O)OC1(C(F)F)C(F)F,-146.24138,-10.47409,14.029734,115.098,209,2,-0.12116022357907105,-1.2341713880537688
N#CC1(C#N)O[P-](F)(N(=O)=O)(N(=O)=O)(N(=O)=O)OC1(C#N)C#N,-92.90687,7.57564,3.939836,197.224667,210,4,2.3522924617189203,0.4775631465138579
FCC1(CF)O[P-](F)(F)(N(=O)=O)(N(=O)=O)OC1(CF)CF,-109.50885,-28.98416,7.0414,158.781333,211,1,0.538579450638576,0.6034775495390159
CC1(C)O[P-]2(F)(O(C(F)F))(OC1(C)C)OC(C)(C)C(C)(C)O2,-148.43117,-32.86818,8.686837,248.868333,212,2,0.5548786200843098,-1.2347033397607574
FC(F)C1(C(F)F)O[P-](C)(C)(C)(C)OC1(C(F)F)C(F)F,-131.03191,-37.03568,4.042091,194.573,213,2,0.2290875643742351,-0.2563348206362323
CC1(C)O[P-](C(F)F)(C(F)F)(C(F)F)(C(F)F)OC1(C)C,-112.86762,-32.80531,6.71219,193.867333,214,1,0.7191682336975981,0.44207352461136584
FCC1(CF)O[P-](CF)(CF)(CF)(CF)OC1(CF)CF,-130.82215,-24.15351,5.271656,202.230333,215,2,0.6916442262141098,-0.5277131534968278
CC1(C)O[P-]2(F)(C(F)(F)F)(OC1(C)C)OC(C)(C)C(C)(C)O2,-142.91641,-34.53512,7.997663,245.829,216,2,0.5876355744105741,-0.9555557844262037
CC1(C)O[P-](F)(F)(O(C(F)(F)F))(O(C(F)(F)F))OC1(C)C,-141.87541,-1.02355,10.87648,155.392,217,2,0.6624252081547064,-1.3447782287797332
FCC1(CF)O[P-](F)(F)(O(CF))(O(CF))OC1(CF)CF,-125.92077,-23.53615,8.635404,160.447,218,2,0.3792965884165165,-0.21734081543833142
FC(F)C1(C(F)F)O[P-](F)(C)(C)(C)OC1(C(F)F)C(F)F,-143.2237,-21.88921,6.546831,175.669333,219,2,0.2297033655472077,-1.0361125152141573
N#CC1(C#N)O[P-](F)(O(CF))(O(CF))(O(CF))OC1(C#N)C#N,-110.74669,-18.60602,8.883519,184.542,220,1,1.0844985438325336,0.27184774951250856
FC(F)C1(C(F)F)O[P-](F)(F)(C)(C)OC1(C(F)F)C(F)F,-135.90218,-16.27456,7.375359,152.654333,221,2,0.3077989634006579,-0.7726330488398272
CC1(C)O[P-]2(O(CF))(O(CF))(OC1(C)C)OC(C)(C)C(C)(C)O2,-155.74379,-31.85001,6.659453,272.458667,222,2,0.678167806240021,-1.6331628405300815
FC(F)C1(C(F)F)O[P-](F)(F)(F)(C)OC1(C(F)F)C(F)F,-140.24538,-11.76023,9.642283,130.420667,223,2,0.12214504931278387,-0.9911459834944208
N#CC1(C#N)O[P-](F)(F)(O(C(F)F))(O(C(F)F))OC1(C#N)C#N,-103.77562,-15.23598,5.242143,161.67,224,1,1.090796815583366,0.5651464962648223
N#CC1(C#N)O[P-](F)(C(F)F)(C(F)F)(C(F)F)OC1(C#N)C#N,-137.10836,-34.15005,7.673681,176.853667,225,2,0.006490004988117799,-0.5286785530076177
CC1(C)O[P-]2(C(F)F)(C(F)F)(OC1(C)C)OC(C)(C)C(C)(C)O2,-98.81565,-18.12054,5.633137,266.458,226,4,2.1888904892693737,0.556333391987363
FC(F)C1(C(F)F)O[P-](F)(F)(F)(F)OC1(C(F)F)C(F)F,-120.48943,-14.88299,8.060107,111.629667,227,1,0.24181767300137144,-0.027456479629458585
N#CC1(C#N)O[P-](F)(F)(C(F)(F)F)(C(F)(F)F)OC1(C#N)C#N,-92.14832,-36.10357,3.188765,149.119,228,1,0.5856175214226558,1.5202567677457473
N#CC1(C#N)O[P-]2(=O)(OC1(C#N)C#N)OC(C#N)(C#N)C(C#N)(C#N)O2,-106.9557,-7.16001,2.248842,232.677,229,4,1.995931763927657,0.07524103998382813
CC1(C)O[P-](F)(O(C(F)F))(O(C(F)F))(O(C(F)F))OC1(C)C,-129.24821,-28.00217,6.127052,181.813333,230,2,0.3999834277399581,-0.32765879924548474
CC1(C)O[P-](F)(C(F)(F)F)(C(F)(F)F)(C(F)(F)F)OC1(C)C,-117.78427,-27.62597,7.613605,172.426,231,1,0.5494970375072797,0.18333859821932336
FC(F)C1(C(F)F)O[P-](F)(F)(F)(C#N)OC1(C(F)F)C(F)F,-116.92597,-0.20794,12.974755,128.611667,232,1,0.9222028463992019,-0.21561129596054407
N#CC1(C#N)O[P-](N(=O)=O)(N(=O)=O)(N(=O)=O)(N(=O)=O)OC1(C#N)C#N,-104.95548,-1.46284,5.558076,235.621,233,4,2.2350835904260276,0.03851296177489148
FCC1(CF)O[P-](F)(N(=O)=O)(N(=O)=O)(N(=O)=O)OC1(CF)CF,-133.85106,-24.11976,7.734624,202.240667,234,2,0.6305759729048523,-0.6587993342301566
FC(F)C1(C(F)F)O[P-](F)(F)(F)(O(C))OC1(C(F)F)C(F)F,-124.69013,-37.40838,5.756491,132.019,235,1,-0.2971556754957592,0.19161568866203238
FC(F)C1(C(F)F)O[P-](F)(F)(C#N)(C#N)OC1(C(F)F)C(F)F,-105.75115,-19.85257,14.329301,146.803667,236,1,0.7609478647380695,0.6130509800431708
FCC1(CF)O[P-](F)(O(CF))(O(CF))(O(CF))OC1(CF)CF,-147.81069,-18.07333,11.686153,176.121333,237,2,0.2525559916176642,-1.3117554200081614
O=[P-](O(C(F)(F)F))(O(C(F)(F)F))(O(C(F)(F)F))O(C(F)(F)F),-123.75363,-51.50019,4.884815,80.5647,238,3,-1.2236963796795788,0.6539812148098488
N#CC1(C#N)O[P-](O(CF))(O(CF))(O(CF))(O(CF))OC1(C#N)C#N,-114.11863,-26.4752,7.371179,205.818,239,1,1.0031532075368863,0.22851786290315085
FC(F)C1(C(F)F)O[P-](F)(C#N)(C#N)(C#N)OC1(C(F)F)C(F)F,-103.14286,7.07606,14.315584,166.241667,240,4,1.807806506906435,0.12998011210310698
N#CC1(C#N)O[P-]2(F)(F)(OC1(C#N)C#N)OC(C#N)(C#N)C(C#N)(C#N)O2,-82.35349,-7.68938,0.791415,226.091,241,4,2.4173536812292227,1.1625389377522886
FC(F)C1(C(F)F)O[P-](F)(F)(O(C))(O(C))OC1(C(F)F)C(F)F,-131.05348,-40.80591,4.12481,153.241,242,2,-0.3088145770137555,-0.07055254619543135
FC(F)C1(C(F)F)O[P-](F)(F)(F)(N(=O)=O)OC1(C(F)F)C(F)F,-128.70046,-0.26104,12.334651,132.500667,243,2,0.7190948653699045,-0.7317762833527219
FC(F)(F)C1(C(F)(F)F)O[P-](=O)(=O)OC1(C(F)(F)F)C(F)(F)F,-130.62472,-41.45912,12.06951,115.13,244,0,-0.7124762073185635,0.0631028746629427
N#CC1(C#N)O[P-](C(F)F)(C(F)F)(C(F)F)(C(F)F)OC1(C#N)C#N,-101.07542,1.02819,14.796698,186.916333,245,4,1.885518129566877,0.2856482101519788
FC(F)C1(C(F)F)O[P-](C#N)(C#N)(C#N)(C#N)OC1(C(F)F)C(F)F,-102.04777,0.63046,10.713955,196.282,246,4,1.95048730112427,0.2267472824444819
N#CC1(C#N)O[P-]2(F)(C#N)(OC1(C#N)C#N)OC(C#N)(C#N)C(C#N)(C#N)O2,-88.0788,5.06174,1.644557,245.199,247,4,2.8723836073213542,0.6076805142477995
O=P([O-])(OC(C(F)(F)F)C(F)(F)F)OC(C(F)(F)F)C(F)(F)F,-140.1699,-19.46406,9.213892,117.526333,248,2,-0.23614592497613623,-0.7979481451498487
CC1(C)O[P-]2(O(C(F)F))(O(C(F)F))(OC1(C)C)OC(C)(C)C(C)(C)O2,-146.20047,-31.22992,8.227649,268.956333,249,2,0.8561624157995125,-1.2255118062532815
FC(F)C1(C(F)F)O[P-](F)(F)(F)(C(F)F)OC1(C(F)F)C(F)F,-128.99944,2.94907,11.087871,128.065667,250,2,0.7617011502973005,-0.7975402968346229
N#CC1(C#N)O[P-](F)(F)(O(C(F)(F)F))(O(C(F)(F)F))OC1(C#N)C#N,-92.41539,-16.29465,2.523327,159.653,251,1,1.2719877580153078,1.080899636198219
CC1(C)O[P-]2(C(F)(F)F)(C(F)(F)F)(OC1(C)C)OC(C)(C)C(C)(C)O2,-127.28435,-33.46654,7.995519,262.081,252,2,1.1076315325060935,-0.34774837911129913
FCC1(CF)O[P-](N(=O)=O)(N(=O)=O)(N(=O)=O)(N(=O)=O)OC1(CF)CF,-143.58285,20.94937,17.18889,228.670333,253,2,2.0303387945064406,-2.0577582369188954
N#CC1(C#N)O[P-]2(F)(CF)(OC1(C#N)C#N)OC(C#N)(C#N)C(C#N)(C#N)O2,-94.1749,4.19371,4.137187,246.404667,254,4,2.7341469262308795,0.3595633933739042
N#CC1(C#N)O[P-]2(C#N)(C#N)(OC1(C#N)C#N)OC(C#N)(C#N)C(C#N)(C#N)O2,-85.06072,7.78064,2.039794,264.924,255,4,3.217896257203689,0.6299332000377812
N#CC1(C#N)O[P-](F)(O(C(F)F))(O(C(F)F))(O(C(F)F))OC1(C#N)C#N,-95.61581,-14.25383,5.72376,180.886333,256,4,1.4854663925557559,0.8451239421224701
FC(F)C1(C(F)F)O[P-](F)(F)(F)(O(C(F)F))OC1(C(F)F)C(F)F,-118.50728,-30.10239,4.48728,129.856,257,1,0.022512953302569406,0.3161381012972453
CC1(C)O[P-](O(C(F)F))(O(C(F)F))(O(C(F)F))(O(C(F)F))OC1(C)C,-148.55588,-3.78774,8.538491,198.917667,258,2,0.8930332602575288,-1.6930803317108964
FCC1(CF)O[P-](O(CF))(O(CF))(O(CF))(O(CF))OC1(CF)CF,-156.64806,-18.35971,7.03533,199.054333,259,2,0.29936214932833904,-1.7477667660445724
FC(F)C1(C(F)F)O[P-](O(C))(O(C))(O(C))(O(C))OC1(C(F)F)C(F)F,-125.56988,-28.28923,5.775089,201.385333,260,2,0.668975613824496,-0.21592858810000098
N#CC1(C#N)O[P-]2(F)(N(=O)=O)(OC1(C#N)C#N)OC(C#N)(C#N)C(C#N)(C#N)O2,-87.69224,6.75789,1.932746,248.797,261,4,2.9673756882999216,0.5804668224488738
FC(F)(F)C1(C(F)(F)F)O[P-](F)(F)(=O)OC1(C(F)(F)F)C(F)(F)F,-132.53306,-41.79395,10.462851,113.963,262,0,-0.7735432918993391,-0.00916098281485512
N#CC1(C#N)O[P-](F)(C(F)(F)F)(C(F)(F)F)(C(F)(F)F)OC1(C#N)C#N,-90.22843,-6.18322,3.708548,173.435,263,4,1.756752501449903,0.9341354677414566
N#CC1(C#N)O[P-]2(CF)(CF)(OC1(C#N)C#N)OC(C#N)(C#N)C(C#N)(C#N)O2,-91.74449,-11.0025,7.255376,267.234667,264,4,2.5515902651350606,0.7150153296084832
N#CC1(C#N)O[P-]2(F)(O(CF))(OC1(C#N)C#N)OC(C#N)(C#N)C(C#N)(C#N)O2,-88.04605,-10.51243,3.591545,247.329,265,4,2.4365401574690524,0.9176109767576819
FC(F)C1(C(F)F)O[P-](F)(F)(N(=O)=O)(N(=O)=O)OC1(C(F)F)C(F)F,-121.83676,6.01353,15.741057,154.953,266,4,1.2763563156607043,-0.6230309036592964
CC1(C)O[P-](F)(O(C(F)(F)F))(O(C(F)(F)F))(O(C(F)(F)F))OC1(C)C,-119.28598,-21.59801,8.592117,178.706,267,1,0.760930968023572,-0.019732149346782045
N#CC1(C#N)O[P-]2(F)(C(F)F)(OC1(C#N)C#N)OC(C#N)(C#N)C(C#N)(C#N)O2,-91.46346,0.16894,3.763328,244.912667,268,4,2.6559182149922993,0.5614729449654025
CC1(C)O[P-](C(F)(F)F)(C(F)(F)F)(C(F)(F)F)(C(F)(F)F)OC1(C)C,-108.51442,-26.78144,7.788393,189.784,269,1,0.9437243685676749,0.5188482772085462
FC(F)(F)C1(C(F)(F)F)O[P-](F)(C)(C)(C)OC1(C(F)(F)F)C(F)(F)F,-124.66377,-43.72574,2.566654,172.594,270,1,-0.06393788634001411,0.21159206852166998
FC(F)C1(C(F)F)O[P-](F)(F)(C(F)F)(C(F)F)OC1(C(F)F)C(F)F,-116.27906,-22.45088,2.596478,144.224667,271,1,0.44175943270767093,0.2192105331273236
FC(F)(F)C1(C(F)(F)F)O[P-](F)(F)(C)(C)OC1(C(F)(F)F)C(F)(F)F,-117.39537,-48.05072,1.930218,149.802,272,1,-0.2772476954539004,0.6727288699788633
CC1(C)O[P-]2(O(C(F)(F)F))(O(C(F)(F)F))(OC1(C)C)OC(C)(C)C(C)(C)O2,-131.21721,-28.03822,9.879952,266.875,273,2,1.2361803968794958,-0.6393903039810239
FC(F)(F)C1(C(F)(F)F)O[P-](F)(F)(F)(C)OC1(C(F)(F)F)C(F)(F)F,-121.405,-51.09275,5.623406,128.855,274,3,-0.6652333445572097,0.6175861659221222
N#CC1(C#N)O[P-]2(F)(O(C(F)F))(OC1(C#N)C#N)OC(C#N)(C#N)C(C#N)(C#N)O2,-84.24574,-9.65272,3.524965,246.121,275,4,2.527386681006586,1.0670813277028715
FC(F)(F)C1(C(F)(F)F)O[P-](F)(F)(F)(F)OC1(C(F)(F)F)C(F)(F)F,-109.79911,-47.12516,8.031301,110.367,276,1,-0.5009793899871875,1.0865961331334693
N#CC1(C#N)O[P-]2(F)(C(F)(F)F)(OC1(C#N)C#N)OC(C#N)(C#N)C(C#N)(C#N)O2,-90.29245,7.17694,2.777088,243.235,277,4,2.8689537684644733,0.4749767724584801
FC(F)(F)[P-](C(F)(F)F)(C(F)(F)F)(C(F)(F)F)(C(F)(F)F)C(F)(F)F,-110.78275,-52.90122,5.794473,112.796,278,3,-0.6661493764767906,1.1542907872717239
FC(F)(F)C(F)(F)[P-](F)(F)(F)(C(F)(F)C(F)(F)F)C(F)(F)C(F)(F)F,-89.34474,-68.71913,0.007778,123.581,279,3,-0.5805219673229162,2.3673464032465845
FC(F)(F)C(F)(C(F)(F)F)[P-](F)(F)(F)(F)C(F)(C(F)(F)F)C(F)(F)F,-107.64889,-53.38577,2.859644,111.968,280,3,-0.6246350046664239,1.3011786022673897
FCC1(CF)O[P-]2(F)(F)(OC1(CF)CF)OC(CF)(CF)C(CF)(CF)O2,-145.06692,-0.88344,8.535788,211.043667,281,2,1.1752617903019182,-1.633957493370292
FC(F)(F)C1(C(F)(F)F)O[P-](F)(F)(F)(C#N)OC1(C(F)(F)F)C(F)(F)F,-102.28483,-43.05899,10.02765,127.377,282,1,-0.051532944222227615,1.2824705156512146
FC(F)C1(C(F)F)O[P-](F)(N(=O)=O)(N(=O)=O)(N(=O)=O)OC1(C(F)F)C(F)F,-112.92224,9.79133,13.805195,182.309333,283,4,1.8528074685247562,-0.388762373586322
N#CC1(C#N)O[P-]2(O(CF))(O(CF))(OC1(C#N)C#N)OC(C#N)(C#N)C(C#N)(C#N)O2,-87.384,-15.52224,6.945188,268.891,284,4,2.525121476356926,0.9894658093868232
FC(F)(F)C1(C(F)(F)F)O[P-](F)(F)(F)(O(C))OC1(C(F)(F)F)C(F)(F)F,-119.80386,-40.71516,6.84607,130.818,285,1,-0.30660624148829196,0.47187439973349476
FCC1(CF)O[P-]2(F)(C#N)(OC1(CF)CF)OC(CF)(CF)C(CF)(CF)O2,-132.91766,-20.10057,12.680952,229.778333,286,2,1.0521917933584266,-0.7734289134053419
FC(F)(F)C1(C(F)(F)F)O[P-](F)(F)(C#N)(C#N)OC1(C(F)(F)F)C(F)(F)F,-97.92177,-40.42821,11.564464,145.42,287,1,0.30163627209373595,1.3688975454550938
N#CC1(C#N)O[P-]2(C(F)F)(C(F)F)(OC1(C#N)C#N)OC(C#N)(C#N)C(C#N)(C#N)O2,-94.63543,-2.63281,5.431587,263.611333,288,4,2.7012659051829977,0.43141012370047344
N#CC1(C#N)O[P-]2(F)(O(C(F)(F)F))(OC1(C#N)C#N)OC(C#N)(C#N)C(C#N)(C#N)O2,-79.32404,-6.86255,1.975155,244.596,289,4,2.6948103852140526,1.226721079796134
N#CC1(C#N)O[P-](O(C(F)F))(O(C(F)F))(O(C(F)F))(O(C(F)F))OC1(C#N)C#N,-99.42559,-8.70093,8.479,200.500667,290,4,1.773126237590001,0.5165933577310935
FCC1(CF)O[P-]2(F)(CF)(OC1(CF)CF)OC(CF)(CF)C(CF)(CF)O2,-150.09557,0.08526,8.941043,230.061,291,2,1.2967886236248256,-1.920865178869047
FCC1(CF)O[P-]2(C#N)(C#N)(OC1(CF)CF)OC(CF)(CF)C(CF)(CF)O2,-128.55484,-4.70307,17.095033,249.227667,292,2,1.795710414825433,-0.9483567226938657
FC(F)(F)C1(C(F)(F)F)O[P-](F)(C#N)(C#N)(C#N)OC1(C(F)(F)F)C(F)(F)F,-96.91946,-37.49304,12.282696,164.925,293,1,0.6098720585782265,1.3006081298388232
FC(F)(F)C1(C(F)(F)F)O[P-](F)(F)(O(C))(O(C))OC1(C(F)(F)F)C(F)(F)F,-111.583,-21.29198,3.72913,148.336667,294,1,0.6146913215818334,0.3869601861836231
FC(F)C1(C(F)F)O[P-](F)(F)(O(C(F)F))(O(C(F)F))OC1(C(F)F)C(F)F,-128.45831,-44.31979,5.642998,151.957,295,1,-0.3722433157455694,0.1154877753128346
FC(F)C1(C(F)F)O[P-](F)(C(F)F)(C(F)F)(C(F)F)OC1(C(F)F)C(F)F,-131.76934,-9.07717,8.043843,162.201,296,2,0.7030151078528989,-0.7655069660678031
N#CC1(C#N)O[P-](F)(O(C(F)(F)F))(O(C(F)(F)F))(O(C(F)(F)F))OC1(C#N)C#N,-86.09061,-12.85815,2.906205,178.129,297,4,1.6936089092262154,1.2343524808969608
FC(F)(F)C1(C(F)(F)F)O[P-](F)(F)(F)(N(=O)=O)OC1(C(F)(F)F)C(F)(F)F,-114.2699,-40.95493,10.150328,131.047333,298,1,-0.1977139613139799,0.7143039906270657
FC(F)(F)C1(C(F)(F)F)O[P-](C#N)(C#N)(C#N)(C#N)OC1(C(F)(F)F)C(F)(F)F,-82.07347,-1.79152,3.804624,191.693,299,4,2.2418092545859416,1.1476788612502113
N#CC1(C#N)O[P-](C(F)(F)F)(C(F)(F)F)(C(F)(F)F)(C(F)(F)F)OC1(C#N)C#N,-94.2287,-37.49614,12.333962,185.163,300,1,0.8738257695446578,1.3623170119202117
FCC1(CF)O[P-]2(F)(N(=O)=O)(OC1(CF)CF)OC(CF)(CF)C(CF)(CF)O2,-140.67766,-18.03695,10.822672,232.244333,301,2,0.9791135335474215,-1.1556900481528933
FCC1(CF)O[P-]2(CF)(CF)(OC1(CF)CF)OC(CF)(CF)C(CF)(CF)O2,-144.27307,-5.58391,4.472673,251.132333,302,2,1.4668144629545155,-1.6122652743050094
FC(F)C1(C(F)F)O[P-](N(=O)=O)(N(=O)=O)(N(=O)=O)(N(=O)=O)OC1(C(F)F)C(F)F,-118.70521,-1.19995,9.528244,219.974,303,4,1.7991625207117043,-0.5167538256544879
FC(F)(F)C1(C(F)(F)F)O[P-](F)(O(C))(O(C))(O(C))OC1(C(F)(F)F)C(F)(F)F,-133.77865,-43.18204,3.939377,174.457,304,2,-0.2157923149608047,-0.19670912973098248
FCC1(CF)O[P-]2(F)(O(CF))(OC1(CF)CF)OC(CF)(CF)C(CF)(CF)O2,-148.03515,-2.1944,8.445997,232.146,305,2,1.29348030668138,-1.7917629121590022
N#CC1(C#N)O[P-]2(O(C(F)F))(O(C(F)F))(OC1(C#N)C#N)OC(C#N)(C#N)C(C#N)(C#N)O2,-80.81784,-6.65087,3.690458,265.709,306,4,2.888227180321542,1.1016324390225087
FC(F)(F)C1(C(F)(F)F)O[P-](O(C))(O(C))(O(C))(O(C))OC1(C(F)(F)F)C(F)(F)F,-137.62674,-38.89997,2.367237,196.6,307,2,0.059759779530363065,-0.5080176988521151
CC1(C)O[P-](O(C(F)(F)F))(O(C(F)(F)F))(O(C(F)(F)F))(O(C(F)(F)F))OC1(C)C,-116.01431,-20.95583,8.406059,196.674,308,1,1.0323824693042791,0.06003919481988298
FC(F)(F)C1(C(F)(F)F)O[P-](F)(F)(F)(C(F)(F)F)OC1(C(F)(F)F)C(F)(F)F,-106.52275,-46.29543,6.591426,125.668,309,1,-0.2514285664127965,1.1699247508505786
N#CC1(C#N)O[P-]2(C(F)(F)F)(C(F)(F)F)(OC1(C#N)C#N)OC(C#N)(C#N)C(C#N)(C#N)O2,-90.11513,-0.24178,3.822277,260.408,310,4,2.8313832962510443,0.5863176459159375
FC(F)C1(C(F)F)O[P-](C(F)F)(C(F)F)(C(F)F)(C(F)F)OC1(C(F)F)C(F)F,-122.55256,-16.21268,5.800255,180.159,311,2,0.8674169861767083,-0.27288346181868883
FC(F)(F)C1(C(F)(F)F)O[P-](F)(F)(F)(O(C(F)(F)F))OC1(C(F)(F)F)C(F)(F)F,-106.27188,-44.46475,6.684707,128.013,312,1,-0.1681895919662633,1.1375103022836643
FCC1(CF)O[P-]2(O(CF))(O(CF))(OC1(CF)CF)OC(CF)(CF)C(CF)(CF)O2,-144.47556,-17.48249,6.956639,252.386667,313,2,1.125314431466172,-1.3842747469190917
FC(F)(F)C1(C(F)(F)F)O[P-](F)(N(=O)=O)(N(=O)=O)(N(=O)=O)OC1(C(F)(F)F)C(F)(F)F,-104.30795,-33.60218,11.444593,181.720333,314,1,0.7460627996441931,0.859113561842114
N#CC1(C#N)O[P-]2(O(C(F)(F)F))(O(C(F)(F)F))(OC1(C#N)C#N)OC(C#N)(C#N)C(C#N)(C#N)O2,-77.87004,-4.60794,2.389061,263.114,315,4,2.9820979577371873,1.1942474167020718
N#CC1(C#N)O[P-](O(C(F)(F)F))(O(C(F)(F)F))(O(C(F)(F)F))(O(C(F)(F)F))OC1(C#N)C#N,-85.48495,1.44503,3.233674,196.412,316,4,2.31576136203754,0.9229010846027775
FC(F)(F)C1(C(F)(F)F)O[P-](F)(F)(C(F)(F)F)(C(F)(F)F)OC1(C(F)(F)F)C(F)(F)F,-101.11801,-45.72304,5.468688,141.436,317,1,0.03904993320702366,1.3488101195358804
FC(F)(F)C1(C(F)(F)F)O[P-](N(=O)=O)(N(=O)=O)(N(=O)=O)(N(=O)=O)OC1(C(F)(F)F)C(F)(F)F,-106.21273,-34.81804,11.745468,216.541,318,1,1.0304550337389529,0.7084419018747947
FC(F)C1(C(F)F)O[P-](O(C(F)F))(O(C(F)F))(O(C(F)F))(O(C(F)F))OC1(C(F)F)C(F)F,-126.90834,-9.52592,2.924771,187.992,319,2,1.0556896442849049,-0.6162550591884962
FC(F)C1(C(F)F)O[P-]2(=O)(OC1(C(F)F)C(F)F)OC(C(F)F)(C(F)F)C(C(F)F)(C(F)F)O2,-142.7265,-6.31801,10.064572,205.892333,320,2,1.010157060750466,-1.409778517138124
FC(F)(F)C1(C(F)(F)F)O[P-](F)(F)(O(C(F)(F)F))(O(C(F)(F)F))OC1(C(F)(F)F)C(F)(F)F,-102.61788,-42.79984,5.646133,146.112,321,1,0.14256939537373228,1.212753648960805
FC(F)(F)C1(C(F)(F)F)O[P-](F)(C(F)(F)F)(C(F)(F)F)(C(F)(F)F)OC1(C(F)(F)F)C(F)(F)F,-98.25282,-46.77508,4.624497,158.747,322,1,0.24550274982740936,1.4470259098089755
FC(F)C1(C(F)F)O[P-]2(F)(F)(OC1(C(F)F)C(F)F)OC(C(F)F)(C(F)F)C(C(F)F)(C(F)F)O2,-119.01496,-2.50507,8.525687,201.324333,323,4,1.5619545099398506,-0.45383095514388494
FC(F)C1(C(F)F)O[P-]2(F)(C#N)(OC1(C(F)F)C(F)F)OC(C(F)F)(C(F)F)C(C(F)F)(C(F)F)O2,-111.59437,3.27012,11.063274,220.143,324,4,2.0784523180188135,-0.3013120702039592
FC(F)C1(C(F)F)O[P-]2(C#N)(C#N)(OC1(C(F)F)C(F)F)OC(C(F)F)(C(F)F)C(C(F)F)(C(F)F)O2,-106.26649,4.73689,11.581661,239.737667,325,4,2.433167020939482,-0.15402373311817089
FC(F)C1(C(F)F)O[P-]2(F)(N(=O)=O)(OC1(C(F)F)C(F)F)OC(C(F)F)(C(F)F)C(C(F)F)(C(F)F)O2,-114.63975,3.61726,9.793203,222.817,326,4,2.053755895087749,-0.44656056919167825
FC(F)C1(C(F)F)O[P-]2(F)(C(F)F)(OC1(C(F)F)C(F)F)OC(C(F)F)(C(F)F)C(C(F)F)(C(F)F)O2,-122.5483,1.33608,9.106406,218.862333,327,4,1.7834717656458248,-0.7303680728372343
FC(F)(F)C1(C(F)(F)F)O[P-](F)(O(C(F)(F)F))(O(C(F)(F)F))(O(C(F)(F)F))OC1(C(F)(F)F)C(F)(F)F,-97.17438,-42.14339,4.964279,164.478,328,1,0.4631244548221151,1.3846567597285162
FC(F)C1(C(F)F)O[P-]2(F)(O(C(F)F))(OC1(C(F)F)C(F)F)OC(C(F)F)(C(F)F)C(C(F)F)(C(F)F)O2,-113.54598,-1.91703,6.307577,220.834667,329,4,1.8928259181192089,-0.28251414744421055
FC(F)(F)C1(C(F)(F)F)O[P-](C(F)(F)F)(C(F)(F)F)(C(F)(F)F)(C(F)(F)F)OC1(C(F)(F)F)C(F)(F)F,-90.94796,-46.24656,4.492486,178.19,330,1,0.6116086577257597,1.6987481681689973
FC(F)C1(C(F)F)O[P-]2(C(F)F)(C(F)F)(OC1(C(F)F)C(F)F)OC(C(F)F)(C(F)F)C(C(F)F)(C(F)F)O2,-108.85884,-0.10463,6.934801,236.517,331,4,2.2041968043883924,-0.15930640400048005
FC(F)C1(C(F)F)O[P-]2(O(C(F)F))(O(C(F)F))(OC1(C(F)F)C(F)F)OC(C(F)F)(C(F)F)C(C(F)F)(C(F)F)O2,-110.51338,1.91362,6.543191,240.211667,332,4,2.2677750788607614,-0.28113542181956014
FC(F)(F)C1(C(F)(F)F)O[P-](O(C(F)(F)F))(O(C(F)(F)F))(O(C(F)(F)F))(O(C(F)(F)F))OC1(C(F)(F)F)C(F)(F)F,-93.9785,-42.6723,4.616917,183.352,333,1,0.7078924287865669,1.482368242204948
FC(F)(F)C1(C(F)(F)F)O[P-]2(=O)(OC1(C(F)(F)F)C(F)(F)F)OC(C(F)(F)F)(C(F)(F)F)C(C(F)(F)F)(C(F)(F)F)O2,-125.80306,-39.99999,6.452654,203.346,334,2,0.3396629558909638,0.00506066607416929
FC(F)(F)C1(C(F)(F)F)O[P-]2(F)(F)(OC1(C(F)(F)F)C(F)(F)F)OC(C(F)(F)F)(C(F)(F)F)C(C(F)(F)F)(C(F)(F)F)O2,-102.78638,-43.94904,3.777496,198.663,335,1,0.6475040231937851,1.0880112510702313
FC(F)(F)C1(C(F)(F)F)O[P-]2(F)(C#N)(OC1(C(F)(F)F)C(F)(F)F)OC(C(F)(F)F)(C(F)(F)F)C(C(F)(F)F)(C(F)(F)F)O2,-99.83427,-41.07748,6.741033,217.419,336,1,0.986158637643752,1.106938196991781
FC(F)(F)C(F)(F)C(F)(F)C(F)(F)[P-](F)(F)(F)(C(F)(F)C(F)(F)C(F)(F)C(F)(F)F)C(F)(F)C(F)(F)C(F)(F)C(F)(F)F,-103.89735,-28.5834,3.993932,191.765333,337,1,1.0058848850527224,0.7486394723817504
FC(F)(F)C1(C(F)(F)F)O[P-]2(C#N)(C#N)(OC1(C(F)(F)F)C(F)(F)F)OC(C(F)(F)F)(C(F)(F)F)C(C(F)(F)F)(C(F)(F)F)O2,-97.70267,-38.21016,8.54635,237.019,338,1,1.316555889043267,1.0883730047338438
FC(F)(F)C1(C(F)(F)F)O[P-]2(F)(N(=O)=O)(OC1(C(F)(F)F)C(F)(F)F)OC(C(F)(F)F)(C(F)(F)F)C(C(F)(F)F)(C(F)(F)F)O2,-109.90008,-38.85135,6.991885,220.979,339,1,0.8818257182951568,0.6192175307367017
FC(F)(F)C1(C(F)(F)F)O[P-]2(F)(C(F)(F)F)(OC1(C(F)(F)F)C(F)(F)F)OC(C(F)(F)F)(C(F)(F)F)C(C(F)(F)F)(C(F)(F)F)O2,-99.1274,-43.79919,3.590989,215.214,340,1,0.8977905052965495,1.1981805250581863
FC(F)(F)C1(C(F)(F)F)O[P-]2(C(F)(F)F)(C(F)(F)F)(OC1(C(F)(F)F)C(F)(F)F)OC(C(F)(F)F)(C(F)(F)F)C(C(F)(F)F)(C(F)(F)F)O2,-90.32806,-43.00286,3.354973,232.81,341,1,1.2833973306001452,1.513772755755608
FC(F)(F)C1(C(F)(F)F)O[P-]2(O(C(F)(F)F))(O(C(F)(F)F))(OC1(C(F)(F)F)C(F)(F)F)OC(C(F)(F)F)(C(F)(F)F)C(C(F)(F)F)(C(F)(F)F)O2,-93.03217,-41.20151,4.020288,235.533,342,1,1.3090220366643037,1.3537428753357417
